track_id,clase,confianza_promedio,frames_visible,tiempo_visible_s,rois_visitadas,visitas__pasillo_norte,tiempo_s__pasillo_norte,visitas__bahias_centro,tiempo_s__bahias_centro,visitas__pasillo_sur,tiempo_s__pasillo_sur
1,car,0.6515,38,1.268,0,0,0.0,0,0.0,0,0.0
2,car,0.6658,5,0.167,0,0,0.0,0,0.0,0,0.0
3,car,0.5802,178,5.939,2,1,2.002,1,2.436,0,0.0
4,car,0.4339,6,0.2,0,0,0.0,0,0.0,0,0.0
5,car,0.4424,685,22.856,0,0,0.0,0,0.0,0,0.0
6,car,0.4452,25,0.834,0,0,0.0,0,0.0,0,0.0
7,car,0.4919,456,15.215,0,0,0.0,0,0.0,0,0.0
8,car,0.4344,663,22.122,1,0,0.0,10,25.359,0,0.0
9,car,0.4584,60,2.002,0,0,0.0,0,0.0,0,0.0
10,car,0.4692,840,28.028,0,0,0.0,0,0.0,0,0.0
11,car,0.4205,99,3.303,0,0,0.0,0,0.0,0,0.0
12,car,0.3992,22,0.734,0,0,0.0,0,0.0,0,0.0
13,car,0.367,2,0.067,0,0,0.0,0,0.0,0,0.0
14,car,0.3721,2,0.067,0,0,0.0,0,0.0,0,0.0
15,car,0.3851,29,0.968,0,0,0.0,0,0.0,0,0.0
16,car,0.3675,1,0.033,0,0,0.0,0,0.0,0,0.0
17,car,0.3719,8,0.267,1,0,0.0,1,0.3,0,0.0
19,car,0.5265,151,5.038,1,1,2.669,0,0.0,0,0.0
21,car,0.4068,6,0.2,0,0,0.0,0,0.0,0,0.0
23,car,0.4232,27,0.901,0,0,0.0,0,0.0,0,0.0
28,car,0.367,1,0.033,0,0,0.0,0,0.0,0,0.0
31,car,0.4426,2,0.067,0,0,0.0,0,0.0,0,0.0
32,car,0.4244,391,13.046,0,0,0.0,0,0.0,0,0.0
44,car,0.5327,41,1.368,0,0,0.0,0,0.0,0,0.0
45,car,0.4288,8,0.267,0,0,0.0,0,0.0,0,0.0
46,car,0.4045,21,0.701,0,0,0.0,0,0.0,0,0.0
47,car,0.3985,111,3.704,1,0,0.0,8,3.837,0,0.0
49,car,0.4051,19,0.634,0,0,0.0,0,0.0,0,0.0
54,car,0.4204,210,7.007,0,0,0.0,0,0.0,0,0.0
55,car,0.386,34,1.134,0,0,0.0,0,0.0,0,0.0
58,car,0.3777,144,4.805,1,0,0.0,8,4.972,0,0.0
61,car,0.4356,292,9.743,0,0,0.0,0,0.0,0,0.0
72,car,0.4007,391,13.046,0,0,0.0,0,0.0,0,0.0
74,car,0.5757,60,2.002,0,0,0.0,0,0.0,0,0.0
76,car,0.4653,25,0.834,0,0,0.0,0,0.0,0,0.0
77,car,0.4182,272,9.076,1,0,0.0,6,9.576,0,0.0
80,car,0.3781,11,0.367,1,0,0.0,1,0.434,0,0.0
82,car,0.3784,13,0.434,0,0,0.0,0,0.0,0,0.0
87,car,0.3883,3,0.1,1,0,0.0,1,0.1,0,0.0
89,car,0.4031,30,1.001,1,0,0.0,2,0.968,0,0.0
91,car,0.3842,9,0.3,1,0,0.0,1,0.267,0,0.0
95,car,0.3704,7,0.234,0,0,0.0,0,0.0,0,0.0
98,car,0.3928,16,0.534,0,0,0.0,0,0.0,0,0.0
103,car,0.5399,16,0.534,0,0,0.0,0,0.0,0,0.0
104,car,0.474,78,2.603,1,1,0.601,0,0.0,0,0.0
105,car,0.5436,44,1.468,1,0,0.0,1,1.502,0,0.0
110,car,0.5083,178,5.939,0,0,0.0,0,0.0,0,0.0
111,car,0.5281,10,0.334,0,0,0.0,0,0.0,0,0.0
113,car,0.4002,64,2.135,1,0,0.0,3,2.302,0,0.0
119,car,0.3689,6,0.2,0,0,0.0,0,0.0,0,0.0
123,car,0.6049,42,1.401,0,0,0.0,0,0.0,0,0.0
124,car,0.4477,36,1.201,1,3,1.568,0,0.0,0,0.0
129,car,0.3643,3,0.1,0,0,0.0,0,0.0,0,0.0
130,car,0.4872,39,1.301,0,0,0.0,0,0.0,0,0.0
132,car,0.3561,1,0.033,0,0,0.0,0,0.0,0,0.0
136,car,0.3762,9,0.3,1,0,0.0,1,0.2,0,0.0
137,car,0.3803,2,0.067,0,0,0.0,0,0.0,0,0.0
140,car,0.381,7,0.234,1,0,0.0,1,0.267,0,0.0
146,car,0.4115,13,0.434,0,0,0.0,0,0.0,0,0.0
149,car,0.3941,13,0.434,1,0,0.0,1,0.234,0,0.0
150,car,0.3848,2,0.067,0,0,0.0,0,0.0,0,0.0
151,car,0.3641,7,0.234,0,0,0.0,0,0.0,0,0.0
157,car,0.3694,2,0.067,0,0,0.0,0,0.0,0,0.0
159,car,0.3848,164,5.472,1,0,0.0,6,6.373,0,0.0
164,car,0.4138,46,1.535,0,0,0.0,0,0.0,0,0.0
168,car,0.4686,160,5.339,0,0,0.0,0,0.0,0,0.0
169,car,0.3794,6,0.2,0,0,0.0,0,0.0,0,0.0
174,car,0.3597,1,0.033,0,0,0.0,0,0.0,0,0.0
177,car,0.5513,381,12.713,3,1,1.935,3,9.943,1,2.202
178,car,0.4239,109,3.637,0,0,0.0,0,0.0,0,0.0
181,car,0.4084,1,0.033,0,0,0.0,0,0.0,0,0.0
183,car,0.5468,4,0.133,0,0,0.0,0,0.0,0,0.0
188,car,0.4914,12,0.4,1,1,0.434,0,0.0,0,0.0
193,car,0.3729,6,0.2,0,0,0.0,0,0.0,0,0.0
194,car,0.585,51,1.702,0,0,0.0,0,0.0,0,0.0
195,car,0.4369,34,1.134,2,1,0.801,1,0.3,0,0.0
199,car,0.4417,219,7.307,0,0,0.0,0,0.0,0,0.0
204,car,0.4723,93,3.103,1,1,0.701,0,0.0,0,0.0
206,car,0.5431,41,1.368,0,0,0.0,0,0.0,0,0.0
208,car,0.4641,5,0.167,0,0,0.0,0,0.0,0,0.0
212,car,0.5289,131,4.371,0,0,0.0,0,0.0,0,0.0
219,car,0.363,5,0.167,0,0,0.0,0,0.0,0,0.0
220,car,0.3879,8,0.267,0,0,0.0,0,0.0,0,0.0
222,car,0.6166,61,2.035,0,0,0.0,0,0.0,0,0.0
223,car,0.3883,88,2.936,1,0,0.0,5,3.537,0,0.0
225,car,0.3684,33,1.101,0,0,0.0,0,0.0,0,0.0
227,car,0.3751,9,0.3,0,0,0.0,0,0.0,0,0.0
228,car,0.6302,67,2.236,0,0,0.0,0,0.0,0,0.0
230,car,0.3953,10,0.334,0,0,0.0,0,0.0,0,0.0
232,car,0.4114,49,1.635,0,0,0.0,0,0.0,0,0.0
239,car,0.5407,11,0.367,0,0,0.0,0,0.0,0,0.0
240,car,0.5877,5,0.167,1,1,0.1,0,0.0,0,0.0
242,car,0.4206,78,2.603,0,0,0.0,0,0.0,0,0.0
244,car,0.4451,4,0.133,1,1,0.133,0,0.0,0,0.0
249,car,0.4535,115,3.837,0,0,0.0,0,0.0,0,0.0
252,car,0.606,35,1.168,0,0,0.0,0,0.0,0,0.0
259,car,0.4225,8,0.267,1,1,0.133,0,0.0,0,0.0
263,car,0.3775,11,0.367,1,0,0.0,1,0.634,0,0.0
268,car,0.4487,50,1.668,0,0,0.0,0,0.0,0,0.0
269,car,0.3821,9,0.3,0,0,0.0,0,0.0,0,0.0
270,car,0.3726,2,0.067,0,0,0.0,0,0.0,0,0.0
271,car,0.5381,83,2.769,1,1,0.601,0,0.0,0,0.0
277,car,0.5802,53,1.768,0,0,0.0,0,0.0,0,0.0
280,car,0.4143,15,0.501,0,0,0.0,0,0.0,0,0.0
285,car,0.4034,27,0.901,1,0,0.0,3,0.734,0,0.0
286,car,0.3708,14,0.467,1,0,0.0,1,0.334,0,0.0
288,car,0.3863,23,0.767,1,0,0.0,1,0.801,0,0.0
289,car,0.3695,5,0.167,0,0,0.0,0,0.0,0,0.0
296,car,0.3577,3,0.1,0,0,0.0,0,0.0,0,0.0
299,car,0.5079,62,2.069,1,1,0.167,0,0.0,0,0.0
302,car,0.3975,2,0.067,0,0,0.0,0,0.0,0,0.0
304,car,0.4425,8,0.267,0,0,0.0,0,0.0,0,0.0
314,car,0.3962,12,0.4,1,0,0.0,1,0.434,0,0.0
319,car,0.5206,19,0.634,0,0,0.0,0,0.0,0,0.0
324,car,0.3614,1,0.033,0,0,0.0,0,0.0,0,0.0
327,car,0.3857,8,0.267,0,0,0.0,0,0.0,0,0.0
329,car,0.6225,127,4.238,0,0,0.0,0,0.0,0,0.0
332,car,0.3877,4,0.133,0,0,0.0,0,0.0,0,0.0
333,car,0.528,97,3.237,1,1,3.47,0,0.0,0,0.0
334,car,0.3683,2,0.067,0,0,0.0,0,0.0,0,0.0
335,car,0.4127,133,4.438,1,0,0.0,3,4.671,0,0.0
339,car,0.3723,21,0.701,1,0,0.0,1,0.734,0,0.0
340,car,0.3744,24,0.801,1,0,0.0,1,1.235,0,0.0
341,car,0.4152,3,0.1,0,0,0.0,0,0.0,0,0.0
343,car,0.3934,116,3.871,0,0,0.0,0,0.0,0,0.0
345,car,0.5073,97,3.237,0,0,0.0,0,0.0,0,0.0
350,car,0.4075,32,1.068,0,0,0.0,0,0.0,0,0.0
351,car,0.3917,69,2.302,0,0,0.0,0,0.0,0,0.0
368,car,0.3898,24,0.801,0,0,0.0,0,0.0,0,0.0
378,car,0.5146,28,0.934,0,0,0.0,0,0.0,0,0.0
379,car,0.6909,3,0.1,0,0,0.0,0,0.0,0,0.0
382,car,0.4606,1,0.033,0,0,0.0,0,0.0,0,0.0
383,car,0.3748,3,0.1,1,0,0.0,1,0.1,0,0.0
386,car,0.392,10,0.334,0,0,0.0,0,0.0,0,0.0
387,car,0.3753,2,0.067,0,0,0.0,0,0.0,0,0.0
393,car,0.3763,6,0.2,0,0,0.0,0,0.0,0,0.0
401,car,0.4389,12,0.4,0,0,0.0,0,0.0,0,0.0
405,car,0.3644,11,0.367,0,0,0.0,0,0.0,0,0.0
406,car,0.4931,1,0.033,0,0,0.0,0,0.0,0,0.0
414,car,0.4732,7,0.234,0,0,0.0,0,0.0,0,0.0
417,car,0.3584,5,0.167,0,0,0.0,0,0.0,0,0.0
422,car,0.3703,23,0.767,1,0,0.0,1,0.968,0,0.0
428,car,0.3805,33,1.101,1,0,0.0,3,1.235,0,0.0
429,car,0.5827,26,0.868,1,1,0.2,0,0.0,0,0.0
435,car,0.3752,2,0.067,0,0,0.0,0,0.0,0,0.0
439,car,0.4606,2,0.067,0,0,0.0,0,0.0,0,0.0
446,car,0.4057,4,0.133,0,0,0.0,0,0.0,0,0.0
447,car,0.3792,3,0.1,1,0,0.0,1,0.1,0,0.0
449,car,0.5542,108,3.604,1,0,0.0,3,3.403,0,0.0
451,car,0.3869,14,0.467,1,0,0.0,1,0.601,0,0.0
455,car,0.5332,46,1.535,0,0,0.0,0,0.0,0,0.0
461,car,0.497,18,0.601,0,0,0.0,0,0.0,0,0.0
462,car,0.4009,219,7.307,1,0,0.0,7,8.275,0,0.0
465,car,0.6267,54,1.802,0,0,0.0,0,0.0,0,0.0
468,car,0.362,4,0.133,0,0,0.0,0,0.0,0,0.0
469,car,0.5582,55,1.835,1,1,1.735,0,0.0,0,0.0
473,car,0.4036,24,0.801,0,0,0.0,0,0.0,0,0.0
474,car,0.4047,62,2.069,0,0,0.0,0,0.0,0,0.0
475,car,0.3691,2,0.067,0,0,0.0,0,0.0,0,0.0
478,car,0.5355,149,4.972,1,0,0.0,1,5.339,0,0.0
479,car,0.4046,17,0.567,1,0,0.0,1,0.601,0,0.0
485,car,0.405,74,2.469,1,0,0.0,1,2.536,0,0.0
490,car,0.6516,97,3.237,2,1,0.968,1,2.236,0,0.0
492,car,0.3869,8,0.267,0,0,0.0,0,0.0,0,0.0
501,car,0.626,56,1.869,0,0,0.0,0,0.0,0,0.0
502,car,0.5681,1,0.033,0,0,0.0,0,0.0,0,0.0
503,car,0.3805,15,0.501,0,0,0.0,0,0.0,0,0.0
518,car,0.3752,8,0.267,1,0,0.0,1,0.167,0,0.0
520,car,0.5606,45,1.502,0,0,0.0,0,0.0,0,0.0
526,car,0.3944,35,1.168,0,0,0.0,0,0.0,0,0.0
529,car,0.3879,42,1.401,0,0,0.0,0,0.0,0,0.0
533,car,0.3546,2,0.067,0,0,0.0,0,0.0,0,0.0
538,car,0.5494,47,1.568,0,0,0.0,0,0.0,0,0.0
543,car,0.3828,30,1.001,1,0,0.0,2,1.201,0,0.0
544,car,0.3747,1,0.033,0,0,0.0,0,0.0,0,0.0
558,car,0.3544,1,0.033,0,0,0.0,0,0.0,0,0.0
559,car,0.3531,1,0.033,0,0,0.0,0,0.0,0,0.0
560,car,0.5928,69,2.302,0,0,0.0,0,0.0,0,0.0
562,car,0.3643,2,0.067,0,0,0.0,0,0.0,0,0.0
566,car,0.5559,4,0.133,0,0,0.0,0,0.0,0,0.0
571,car,0.5973,310,10.344,1,0,0.0,1,0.801,0,0.0
572,car,0.372,4,0.133,1,0,0.0,1,0.167,0,0.0
573,car,0.5948,61,2.035,0,0,0.0,0,0.0,0,0.0
575,car,0.4168,16,0.534,1,0,0.0,1,0.4,0,0.0
579,car,0.4559,31,1.034,1,0,0.0,2,1.468,0,0.0
580,car,0.3909,6,0.2,1,0,0.0,1,0.2,0,0.0
583,car,0.4189,12,0.4,0,0,0.0,0,0.0,0,0.0
587,car,0.5363,52,1.735,0,0,0.0,0,0.0,0,0.0
593,car,0.3547,2,0.067,0,0,0.0,0,0.0,0,0.0
594,car,0.372,11,0.367,0,0,0.0,0,0.0,0,0.0
600,car,0.3575,2,0.067,0,0,0.0,0,0.0,0,0.0
601,car,0.4433,36,1.201,0,0,0.0,0,0.0,0,0.0
602,car,0.3919,68,2.269,0,0,0.0,0,0.0,0,0.0
608,car,0.4086,4,0.133,0,0,0.0,0,0.0,0,0.0
610,car,0.3828,31,1.034,0,0,0.0,0,0.0,0,0.0
612,car,0.3781,7,0.234,0,0,0.0,0,0.0,0,0.0
613,car,0.372,1,0.033,0,0,0.0,0,0.0,0,0.0
615,car,0.4509,1,0.033,0,0,0.0,0,0.0,0,0.0
616,car,0.3686,4,0.133,0,0,0.0,0,0.0,0,0.0
618,car,0.3904,135,4.505,0,0,0.0,0,0.0,0,0.0
620,car,0.478,7,0.234,1,0,0.0,0,0.0,1,0.334
624,car,0.3886,167,5.572,1,0,0.0,8,6.073,0,0.0
625,car,0.5055,12,0.4,0,0,0.0,0,0.0,0,0.0
627,car,0.3665,5,0.167,0,0,0.0,0,0.0,0,0.0
629,car,0.5827,57,1.902,0,0,0.0,0,0.0,0,0.0
631,car,0.3532,1,0.033,0,0,0.0,0,0.0,0,0.0
632,car,0.3769,1,0.033,0,0,0.0,0,0.0,0,0.0
634,car,0.4549,1,0.033,0,0,0.0,0,0.0,0,0.0
641,car,0.6129,99,3.303,3,1,0.133,1,2.569,1,0.4
642,car,0.5973,98,3.27,1,1,1.568,0,0.0,0,0.0
643,car,0.4574,21,0.701,0,0,0.0,0,0.0,0,0.0
644,car,0.378,1,0.033,0,0,0.0,0,0.0,0,0.0
646,car,0.607,63,2.102,0,0,0.0,0,0.0,0,0.0
649,car,0.4985,5,0.167,1,0,0.0,1,0.167,0,0.0
656,car,0.3946,92,3.07,1,0,0.0,6,2.97,0,0.0
659,car,0.3817,9,0.3,0,0,0.0,0,0.0,0,0.0
661,car,0.3873,3,0.1,0,0,0.0,0,0.0,0,0.0
666,car,0.3664,24,0.801,0,0,0.0,0,0.0,0,0.0
670,car,0.3927,23,0.767,0,0,0.0,0,0.0,0,0.0
672,car,0.4913,107,3.57,0,0,0.0,0,0.0,0,0.0
679,car,0.4665,32,1.068,0,0,0.0,0,0.0,0,0.0
680,car,0.3752,5,0.167,0,0,0.0,0,0.0,0,0.0
685,car,0.3833,19,0.634,0,0,0.0,0,0.0,0,0.0
686,car,0.4133,1,0.033,0,0,0.0,0,0.0,0,0.0
687,car,0.3784,42,1.401,1,0,0.0,2,1.835,0,0.0
690,car,0.3949,2,0.067,0,0,0.0,0,0.0,0,0.0
695,car,0.4159,120,4.004,1,0,0.0,3,4.204,0,0.0
696,car,0.384,1,0.033,0,0,0.0,0,0.0,0,0.0
697,car,0.4416,83,2.769,0,0,0.0,0,0.0,0,0.0
699,car,0.4093,106,3.537,0,0,0.0,0,0.0,0,0.0
701,car,0.4016,104,3.47,0,0,0.0,0,0.0,0,0.0
702,car,0.3818,3,0.1,0,0,0.0,0,0.0,0,0.0
703,car,0.4778,76,2.536,2,2,1.335,1,1.602,0,0.0
704,car,0.3792,13,0.434,0,0,0.0,0,0.0,0,0.0
706,car,0.5639,64,2.135,0,0,0.0,0,0.0,0,0.0
708,car,0.5509,172,5.739,2,1,0.701,1,3.437,0,0.0
710,car,0.6382,145,4.838,2,1,1.702,2,3.17,0,0.0
711,car,0.3814,7,0.234,0,0,0.0,0,0.0,0,0.0
713,car,0.4032,82,2.736,0,0,0.0,0,0.0,0,0.0
720,car,0.3609,3,0.1,0,0,0.0,0,0.0,0,0.0
722,car,0.3785,9,0.3,1,0,0.0,1,0.234,0,0.0
723,car,0.3896,40,1.335,0,0,0.0,0,0.0,0,0.0
724,car,0.3764,6,0.2,0,0,0.0,0,0.0,0,0.0
727,car,0.5392,132,4.404,1,1,2.202,0,0.0,0,0.0
728,car,0.4401,32,1.068,0,0,0.0,0,0.0,0,0.0
729,car,0.4691,55,1.835,0,0,0.0,0,0.0,0,0.0
730,car,0.4199,2,0.067,0,0,0.0,0,0.0,0,0.0
733,car,0.4563,48,1.602,1,1,1.468,0,0.0,0,0.0
734,car,0.3637,1,0.033,0,0,0.0,0,0.0,0,0.0
736,car,0.3956,10,0.334,0,0,0.0,0,0.0,0,0.0
740,car,0.3672,2,0.067,0,0,0.0,0,0.0,0,0.0
742,car,0.4787,16,0.534,1,1,0.567,0,0.0,0,0.0
743,car,0.3665,4,0.133,0,0,0.0,0,0.0,0,0.0
746,car,0.3688,5,0.167,0,0,0.0,0,0.0,0,0.0
747,car,0.4026,13,0.434,0,0,0.0,0,0.0,0,0.0
751,car,0.3533,1,0.033,0,0,0.0,0,0.0,0,0.0
752,car,0.4144,34,1.134,1,0,0.0,1,0.934,0,0.0
754,car,0.4065,13,0.434,0,0,0.0,0,0.0,0,0.0
756,car,0.3652,6,0.2,0,0,0.0,0,0.0,0,0.0
758,car,0.358,1,0.033,0,0,0.0,0,0.0,0,0.0
759,car,0.3685,4,0.133,0,0,0.0,0,0.0,0,0.0
767,car,0.3854,26,0.868,0,0,0.0,0,0.0,0,0.0
768,car,0.3933,24,0.801,0,0,0.0,0,0.0,0,0.0
769,car,0.3591,2,0.067,0,0,0.0,0,0.0,0,0.0
774,car,0.5642,28,0.934,1,1,1.068,0,0.0,0,0.0
777,car,0.3761,11,0.367,0,0,0.0,0,0.0,0,0.0
778,car,0.5226,33,1.101,0,0,0.0,0,0.0,0,0.0
780,car,0.4048,32,1.068,1,0,0.0,2,1.068,0,0.0
781,car,0.3829,4,0.133,1,0,0.0,1,0.133,0,0.0
789,car,0.5159,14,0.467,1,1,0.567,0,0.0,0,0.0
792,car,0.3683,2,0.067,0,0,0.0,0,0.0,0,0.0
800,car,0.5605,18,0.601,0,0,0.0,0,0.0,0,0.0
801,car,0.3735,8,0.267,1,0,0.0,1,0.267,0,0.0
804,car,0.4757,10,0.334,0,0,0.0,0,0.0,0,0.0
807,car,0.3725,6,0.2,0,0,0.0,0,0.0,0,0.0
811,car,0.4845,13,0.434,0,0,0.0,0,0.0,0,0.0
815,car,0.3946,1,0.033,0,0,0.0,0,0.0,0,0.0
819,car,0.3894,5,0.167,0,0,0.0,0,0.0,0,0.0
820,car,0.398,9,0.3,1,0,0.0,1,0.267,0,0.0
821,car,0.5122,8,0.267,0,0,0.0,0,0.0,0,0.0
823,car,0.3562,1,0.033,0,0,0.0,0,0.0,0,0.0
825,car,0.3728,1,0.033,0,0,0.0,0,0.0,0,0.0
826,car,0.3519,1,0.033,0,0,0.0,0,0.0,0,0.0
